{
    "axiom": "+(324.736)>(45.000)F(1.732)[X][F(1.732)[X][-(9.736)<(45.000)F(1.414)[>(90.000)F(1.414)[X]][-(45.000)F(1.000)[F(1.000)[X]]]]]",
    "degrees": true,
    "dimensions": {
        "forward": 3.0,
        "roll": 20.0,
        "rotation": 22.5
    },
    "recursions": 0,
    "rules": {
        "X": "+(96.382004)>(78.750000)F(1.103500)"
    },
    "trunk": {
        "anchor": [
            0.0,
            0.0,
            0.0
        ],
        "radius": 0.0
    }
}
