{
    "axiom": "+(324.736)>(45.000)F(1.732)[X][-(0.027)F(1.733)[X][-(9.680)<(45.000)F(1.414)[-(0.029)<(90.000)F(1.414)[+(45.000)F(2.000)[-(338.199)F(0.539)[+(338.199)>(270.000)F(0.200)[X]]]]][X][-(45.029)F(1.000)[F(1.000)[X][X]]]]]",
    "degrees": true,
    "dimensions": {
        "forward": 3.0,
        "roll": 20.0,
        "rotation": 22.5
    },
    "recursions": 0,
    "rules": {
        "X": "+(86.761009)>(52.500000)F(1.021333)"
    },
    "trunk": {
        "anchor": [
            0.0,
            0.0,
            0.0
        ],
        "radius": 0.0
    }
}
